Date,Calgary (CER) Unemployment rate (%),Alberta Unemployment Rate (%),Canada Unemployment rate (%),Calgary (CER) Total Employment ('000 Persons),Calgary (CER) Total Employment month-over-month change ('000 Persons),Calgary (CER) Total Employment year-over-year change ('000 Persons),Calgary (CMA) Average Hourly Wage Rate ($),City of Calgary Building Permits Residential Value ($),City of Calgary Building Permits Non-Residential Value ($),Calgary (City) Total Housing Starts (units),Calgary (CMA) Total Housing Starts (units),Calgary (CER) Retail Sales ($billions),Calgary (CMA) Inflation Rate (%change)
1972-01-01,,,,,,,,,,,322,,3.9
1972-02-01,,,,,,,,,,,527,,3.86
1972-03-01,,,,,,,,,,,590,,3.38
1972-04-01,,,,,,,,,,,580,,3.86
1972-05-01,,,,,,,,,,,915,,4.35
1972-06-01,,,,,,,,,,,1147,,4.35
1972-07-01,,,,,,,,,,,609,,4.33
1972-08-01,,,,,,,,,,,567,,4.29
1972-09-01,,,,,,,,,,,455,,4.29
1972-10-01,,,,,,,,,,,412,,4.76
1972-11-01,,,,,,,,,,,532,,5.21
1972-12-01,,,,,,,,,,,391,,4.72
1973-01-01,,,,,,,,,,,454,,5.63
1973-02-01,,,,,,,,,,,424,,4.65
1973-03-01,,,,,,,,,,,571,,6.07
1973-04-01,,,,,,,,,,,710,,6.05
1973-05-01,,,,,,,,,,,641,,6.48
1973-06-01,,,,,,,,,,,818,,6.94
1973-07-01,,,,,,,,,,,488,,7.37
1973-08-01,,,,,,,,,,,557,,7.31
1973-09-01,,,,,,,,,,,347,,8.68
1973-10-01,,,,,,,,,,,883,,7.73
1973-11-01,,,,,,,,,,,696,,7.21
1973-12-01,,,,,,,,,,,392,,8.11
1974-01-01,,,,,,,,,,,692,,7.56
1974-02-01,,,,,,,,,,,413,,8.44
1974-03-01,,,,,,,,,,,623,,8.37
1974-04-01,,,,,,,,,,,824,,8.77
1974-05-01,,,,,,,,,,,510,,9.57
1974-06-01,,,,,,,,,,,948,,10.39
1974-07-01,,,,,,,,,,,549,,10.3
1974-08-01,,,,,,,,,,,374,,10.21
1974-09-01,,,,,,,,,,,357,,9.66
1974-10-01,,,,,,,,,,,415,,11.81
1974-11-01,,,,,,,,,,,412,,12.61
1974-12-01,,,,,,,,,,,370,,12.5
1975-01-01,,,,,,,,,,,299,,12.4
1975-02-01,,,,,,,,,,,312,,11.89
1975-03-01,,,,,,,,,,,432,,11.38
1975-04-01,,,,,,,,,,,551,,11.69
1975-05-01,,,,,,,,,,,489,,10.32
1975-06-01,,,,,,,,,,,653,,10.98
1975-07-01,,,,,,,,,,,623,,11.28
1975-08-01,,,,,,,,,,,586,,12.36
1975-09-01,,,,,,,,,,,791,,11.88
1975-10-01,,,,,,,,,,,878,,11.32
1975-11-01,,,,,,,,,,,657,,11.19
1975-12-01,,,,,,,,,,,1601,,10.74
1976-01-01,,,,,,,,,,,429,,10.29
1976-02-01,,,,,,,,,,,969,,10.26
1976-03-01,,,,,,,,,,,931,,10.58
1976-04-01,,,,,,,,,,,1696,,9.75
1976-05-01,,,,,,,,,,,797,,10.43
1976-06-01,,,,,,,,,,,917,,8.83
1976-07-01,,,,,,,,,,,1285,,8.04
1976-08-01,,,,,,,,,,,707,,6.53
1976-09-01,,,,,,,,,,,692,,6.85
1976-10-01,,,,,,,,,,,1228,,7.12
1976-11-01,,,,,,,,,,,1055,,6.04
1976-12-01,,,,,,,,,,,654,,6.35
1977-01-01,,,,,,,,,,,329,,7
1977-02-01,,,,,,,,,,,579,,7.31
1977-03-01,,,,,,,,,,,468,,7.92
1977-04-01,,,,,,,,,,,1227,,8.88
1977-05-01,,,,,,,,,,,1246,,8.47
1977-06-01,,,,,,,,,,,1200,,8.44
1977-07-01,,,,,,,,,,,1489,,8.74
1977-08-01,,,,,,,,,,,1405,,9.35
1977-09-01,,,,,,,,,,,1202,,8.65
1977-10-01,,,,,,,,,,,849,,8.54
1977-11-01,,,,,,,,,,,1723,,9.49
1977-12-01,,,,,,,,,,,1473,,9.12
1978-01-01,,,,,,,,,,,2003,,8.1
1978-02-01,,,,,,,,,,,1170,,8.36
1978-03-01,,,,,,,,,,,1316,,8.56
1978-04-01,,,,,,,,,,,905,,7.85
1978-05-01,,,,,,,,,,,917,,8.11
1978-06-01,,,,,,,,,,,1312,,8.68
1978-07-01,,,,,,,,,,,1428,,8.93
1978-08-01,,,,,,,,,,,1128,,7.96
1978-09-01,,,,,,,,,,,1628,,8.55
1978-10-01,,,,,,,,,,,923,,7.87
1978-11-01,,,,,,,,,,,1798,,8.09
1978-12-01,,,,,,,,,,,854,,7.78
1979-01-01,,,,,,,,,,,1519,,8.36
1979-02-01,,,,,,,,,,,713,,8.86
1979-03-01,,,,,,,,,,,1016,,8.45
1979-04-01,,,,,,,,,,,800,,8.68
1979-05-01,,,,,,,,,,,809,,8.61
1979-06-01,,,,,,,,,,,1029,,8.26
1979-07-01,,,,,,,,,,,953,,8.2
1979-08-01,,,,,,,,,,,1363,,8.47
1979-09-01,,,,,,,,,,,821,,8.97
1979-10-01,,,,,,,,,,,909,,9.19
1979-11-01,,,,,,,,,,,1289,,8.56
1979-12-01,,,,,,,,,,,1162,,9.36
1980-01-01,,,,,,,,,,,419,,9.84
1980-02-01,,,,,,,,,,,668,,8.92
1980-03-01,,,,,,,,,,,924,,8.57
1980-04-01,,,,,,,,,,,661,,8.76
1980-05-01,,,,,,,,,,,908,,9.21
1980-06-01,,,,,,,,,,,1185,,9.67
1980-07-01,,,,,,,,,,,958,,10.1
1980-08-01,,,,,,,,,,,937,,10.83
1980-09-01,,,,,,,,,,,905,,10.72
1980-10-01,,,,,,,,,,,1120,,11.63
1980-11-01,,,,,,,,,,,1472,,12.81
1980-12-01,,,,,,,,,,,947,,12.71
1981-01-01,,,,,,,,,,,998,,12.83
1981-02-01,,,,,,,,,,,847,,13.49
1981-03-01,,,,,,,,,,,919,,13.64
1981-04-01,,,,,,,,,,,1640,,13.51
1981-05-01,,,,,,,,,,,1455,,13.35
1981-06-01,,,,,,,,,,,1718,,13.69
1981-07-01,,,,,,,,,,,1364,,13.99
1981-08-01,,,,,,,,,,,1260,,14.09
1981-09-01,,,,,,,,,,,1611,,13.74
1981-10-01,,,,,,,,,,,1252,,13.08
1981-11-01,,,,,,,,,,,650,,12.45
1981-12-01,,,,,,,,,,,1458,,12.15
1982-01-01,,,,,,,,,,,635,,12.66
1982-02-01,,,,,,,,,,,536,,12.53
1982-03-01,,,,,,,,,,,619,,13.68
1982-04-01,,,,,,,,,,,1221,,13.36
1982-05-01,,,,,,,,,,,998,,13.22
1982-06-01,,,,,,,,,,,2036,,13.27
1982-07-01,,,,,,,,,,,875,,12.27
1982-08-01,,,,,,,,,,,499,,11.55
1982-09-01,,,,,,,,,,,333,,11.68
1982-10-01,,,,,,,,,,,485,,11.18
1982-11-01,,,,,,,,,,,892,,10.29
1982-12-01,,,,,,,,,,,470,,9.09
1983-01-01,,,,,,,,,,,787,,7.81
1983-02-01,,,,,,,,,,,229,,6.98
1983-03-01,,,,,,,,,,,522,,5.93
1983-04-01,,,,,,,,,,,500,,5.89
1983-05-01,,,,,,,,,,,1076,,5.66
1983-06-01,,,,,,,,,,,699,,4.32
1983-07-01,,,,,,,,,,,161,,3.76
1983-08-01,,,,,,,,,,,208,,3.39
1983-09-01,,,,,,,,,,,176,,2.13
1983-10-01,,,,,,,,,,,176,,2.47
1983-11-01,,,,,,,,,,,244,,2.46
1983-12-01,,,,,,,,,,,104,,3.37
1984-01-01,,,,,,,,,,,142,,3.36
1984-02-01,,,,,,,,,,,57,,3.53
1984-03-01,,,,,,,,,,,127,,2.62
1984-04-01,,,,,,,,,,,105,,2.26
1984-05-01,,,,,,,,,,,306,,1.55
1984-06-01,,,,,,,,,,,202,,1.9
1984-07-01,,,,,,,,,,,209,,2.59
1984-08-01,,,,,,,,,,,192,,2.59
1984-09-01,,,,,,,,,,,172,,3.47
1984-10-01,,,,,,,,,,,119,,2.07
1984-11-01,,,,,,,,,,,102,,2.23
1984-12-01,,,,,,,,,,,70,,2.4
1985-01-01,,,,,,,,,,,118,,2.05
1985-02-01,,,,,,,,,,,73,,2.04
1985-03-01,,,,,,,,,,,66,,2.56
1985-04-01,,,,,,,,,,,76,,2.89
1985-05-01,,,,,,,,,,,202,,3.06
1985-06-01,,,,,,,,,,,152,,3.39
1985-07-01,,,,,,,,,,,234,,3.03
1985-08-01,,,,,,,,,,,243,,2.69
1985-09-01,,,,,,,,,,,283,,2.68
1985-10-01,,,,,,,,,,,304,,3.37
1985-11-01,,,,,,,,,,,336,,3.36
1985-12-01,,,,,,,,,,,231,,3.18
1986-01-01,,,,,,,,,,,225,,3.52
1986-02-01,,,,,,,,,,,177,,3.67
1986-03-01,,,,,,,,,,,251,,3.65
1986-04-01,,,,,,,,,,,196,,3.14
1986-05-01,,,,,,,,,,,278,,3.47
1986-06-01,,,,,,,,,,,159,,2.95
1986-07-01,,,,,,,,,,,146,,3.59
1986-08-01,,,,,,,,,,,176,,3.93
1986-09-01,,,,,,,,,,,169,,3.59
1986-10-01,,,,,,,,,,,176,,3.92
1986-11-01,,,,,,,,,,,286,,3.41
1986-12-01,,,,,,,,,,,440,,3.57
1987-01-01,,,,,,,,,,,97,,3.4
1987-02-01,,,,,,,,,,,104,,2.9
1987-03-01,11.52,11.58,10.65,373.2,,,,,,,223,,2.72
1987-04-01,10.7,11.47,10.44,376.4,,,,,,,182,,3.69
1987-05-01,9.68,10.86,9.94,384.6,,,,,,,408,,3.99
1987-06-01,9.28,10.26,9.12,387.8,,,,,,,389,,4.62
1987-07-01,8.77,9.75,8.72,393.8,,,,,,,367,,4.26
1987-08-01,8.87,9.54,8.41,394.8,,,,,,,413,,4.26
1987-09-01,8.56,9.34,8.21,396.8,,,,,,,317,,3.79
1987-10-01,8.05,8.73,7.91,398,,,,,,,320,,3.45
1987-11-01,7.24,8.12,7.81,399.1,,,,,,,404,,3.93
1987-12-01,6.83,7.82,7.81,401.3,,,,,,,242,,4.08
1988-01-01,7.24,8.43,8.21,397.9,,,,,,,290,,4.07
1988-02-01,7.54,8.73,8.52,396.5,,,,,,,214,,3.76
1988-03-01,8.26,9.14,8.82,393.6,,,,,,,183,,4.37
1988-04-01,7.95,8.83,8.62,394.1,,,,,,,334,,3.86
1988-05-01,7.85,8.53,8.31,396,,,,,,,217,,2.91
1988-06-01,7.34,8.02,7.81,401.1,,,,,,,343,,2.13
1988-07-01,7.75,8.02,7.6,406.7,,,,,,,241,,1.97
1988-08-01,7.95,8.02,7.6,410.7,,,,,,,439,,1.82
1988-09-01,7.95,8.02,7.6,410.3,,,,,,,396,,2.28
1988-10-01,7.64,7.51,7.4,409.5,,,,,,,377,,2.28
1988-11-01,7.75,7.31,7.3,405.4,,,,,,,455,,1.82
1988-12-01,7.64,7.51,7.3,405.7,,,,,,,311,,0.75
1989-01-01,7.75,7.82,7.71,404.5,,,,,,,297,,1.05
1989-02-01,7.44,7.92,8.11,407.8,,,,,,,301,,2.26
1989-03-01,7.64,8.12,8.52,409.6,,,,,,,407,,2.09
1989-04-01,7.44,8.12,8.52,413.3,,,,,,,358,,1.79
1989-05-01,7.24,7.82,8.21,418.7,,,,,,,633,,3.28
1989-06-01,6.83,7.41,7.71,421.8,,,,,,,572,,4.17
1989-07-01,7.24,7.11,7.4,423.5,,,,,,,741,,4.6
1989-08-01,7.54,7.31,7.3,421.3,,,,,,,469,,4.9
1989-09-01,7.54,7.11,7.1,415.1,,,,,,,543,,5.35
1989-10-01,6.52,6.7,6.89,413.4,,,,,,,727,,5.19
1989-11-01,5.81,6.4,7,410.5,,,,,,,710,,5.65
1989-12-01,5.71,6.5,7.2,414.4,,,,,,,470,,6.88
1990-01-01,6.42,6.9,7.91,413,,,,,,735,813,,7.29
1990-02-01,6.83,7.21,8.31,411.5,,,,,,578,619,,6.78
1990-03-01,7.03,7.31,8.52,410.7,,,,,,684,730,,6.44
1990-04-01,6.73,7.11,8.31,413.4,,,,,,896,963,,7.02
1990-05-01,6.63,6.9,8.11,417.5,,,,,,843,906,,5.92
1990-06-01,6.32,6.6,7.71,422.2,,,,,,361,434,,5.72
1990-07-01,6.63,6.6,7.6,425.7,,,,,,402,447,,5.25
1990-08-01,6.73,6.5,7.71,428.3,,,,,,457,493,,5.52
1990-09-01,7.03,6.7,7.81,428.6,,,,,,288,446,,5.5
1990-10-01,6.73,6.7,8.01,426.6,,,,,,315,380,,6.35
1990-11-01,6.83,6.9,8.31,425.1,,,,,,422,474,,6.61
1990-12-01,7.03,7.31,8.82,423.1,,,,,,278,299,,6.01
1991-01-01,7.64,7.82,9.73,423,,,,,,134,170,,8.18
1991-02-01,8.15,8.12,10.44,420.3,,,,,,219,230,,6.77
1991-03-01,8.26,8.43,11.35,417.9,,,,,,324,324,,7.02
1991-04-01,8.26,8.43,11.35,416.8,,,,,,360,363,,6.01
1991-05-01,8.05,8.43,11.05,419.5,,,,,,454,535,,6.54
1991-06-01,8.15,8.22,10.44,424.3,,,,,,473,534,,6.22
1991-07-01,8.46,8.33,10.34,427.5,,,,,,381,422,,6.47
1991-08-01,8.66,8.22,10.24,429.9,,,,,,398,462,,6.31
1991-09-01,8.56,8.12,10.04,427.3,,,,,,344,423,,5.75
1991-10-01,8.15,7.82,9.73,425.2,,,,,,335,419,,4.64
1991-11-01,8.56,8.12,9.73,418.6,,,,,,412,452,,4.22
1991-12-01,9.17,8.53,10.04,414.1,,,,,,362,416,,3.83
1992-01-01,10.19,9.34,10.65,408,,,,,,258,300,,1.03
1992-02-01,11.01,10.05,11.05,404.7,,,,,,349,404,,2.33
1992-03-01,11.31,10.46,11.86,404.9,,,,,,540,593,,1.93
1992-04-01,10.7,10.15,11.76,407.3,,,,,,740,807,,2.19
1992-05-01,9.99,9.75,11.66,412.2,,,,,,703,778,,1.41
1992-06-01,9.48,9.44,11.15,420,,,,,,634,705,,1.02
1992-07-01,9.38,9.44,11.15,427.3,,,,,,479,539,,0.76
1992-08-01,9.28,9.44,11.25,432.8,,,,,,484,554,,0.51
1992-09-01,9.07,9.24,11.15,430,,,,,,466,604,,0.63
1992-10-01,9.07,8.83,10.85,425.5,,,,,,464,542,,0.89
1992-11-01,9.58,9.14,10.95,419.9,,,,,,526,621,,1.52
1992-12-01,10.19,9.44,11.25,416.6,,,,,,521,587,,1.4
1993-01-01,10.7,9.85,11.86,412.1,,,,,,262,312,,1.9
1993-02-01,10.29,9.75,11.96,411.7,,,,,,416,462,,1.64
1993-03-01,10.5,10.15,12.27,409.9,,,,,,436,480,,0
1993-04-01,10.4,10.46,12.27,412,,,,,,620,682,,0.76
1993-05-01,11.11,10.46,12.27,411.6,,,,,,498,559,,1.13
1993-06-01,10.7,9.95,11.76,417.2,,,,,,495,589,,1.39
1993-07-01,11.01,9.95,11.66,423.7,,,,,,615,719,,1.51
1993-08-01,10.8,9.95,11.46,429.4,,,,,,349,429,,1.51
1993-09-01,10.91,9.95,11.25,429,,,,,,465,535,,2.01
1993-10-01,10.19,9.24,10.75,428.2,,,,,,562,726,,1.51
1993-11-01,9.58,8.94,10.65,428.6,,,,,,480,558,,1.25
1993-12-01,9.28,9.04,10.85,431.9,,,,,,509,578,,1.75
1994-01-01,9.89,9.65,11.56,430.5,,,,,,356,417,,1.12
1994-02-01,10.29,9.85,11.86,427.3,,,,,,345,416,,0.87
1994-03-01,10.7,10.05,12.17,423.3,,,,,,358,398,,2.02
1994-04-01,10.19,9.75,11.86,421.2,,,,,,658,768,,1.5
1994-05-01,9.99,9.65,11.46,422.1,,,,,,563,641,,1.25
1994-06-01,9.58,9.34,10.85,425.7,,,,,,558,624,,1
1994-07-01,9.89,9.54,10.44,430.5,,,,,,646,764,,1.24
1994-08-01,9.68,9.24,10.24,433.9,,,,,,522,591,,1.49
1994-09-01,9.48,8.83,9.94,435.6,,,,,,520,605,,1.35
1994-10-01,8.56,8.02,9.53,439,,,,,,603,667,,1.86
1994-11-01,8.05,7.62,9.23,442.5,,,,,,450,525,,1.6
1994-12-01,7.85,7.51,9.33,444.5,,,,,,413,461,,1.85
1995-01-01,8.26,7.82,9.83,441.7,,,,,,322,363,,1.97
1995-02-01,8.36,8.02,10.14,438.5,,,,,,257,307,,2.34
1995-03-01,8.87,8.43,10.65,436.8,,,,,,243,283,,2.72
1995-04-01,8.56,8.43,10.44,439.2,,,,,,452,513,,2.84
1995-05-01,8.87,8.33,10.14,443,,,,,,378,426,,2.83
1995-06-01,8.36,8.02,9.63,450.6,,,,,,399,495,,2.83
1995-07-01,8.26,8.12,9.63,460.6,,,,,,590,670,,2.57
1995-08-01,8.05,8.22,9.63,467.7,,,,,,493,563,,2.2
1995-09-01,8.05,8.02,9.33,467.7,,,,,,451,523,,1.94
1995-10-01,7.75,7.41,8.92,465.1,,,,,,489,557,,1.94
1995-11-01,7.54,7.21,8.62,461.6,,,,,,442,492,,2.06
1995-12-01,7.54,7.41,8.82,460.8,,,,,,422,493,,1.45
1996-01-01,7.85,7.82,9.53,455.9,,,,,,259,295,,1.69
1996-02-01,7.95,7.92,10.04,456.1,,,,,,297,314,,1.45
1996-03-01,8.05,7.92,10.44,458.3,,,,,,426,508,,2.05
1996-04-01,7.44,7.51,10.24,466.7,,,,,,487,525,,2.04
1996-05-01,7.03,7.21,9.94,476.8,,,,,,628,711,,2.16
1996-06-01,6.52,7.01,9.63,486.3,,,,,,684,767,,1.92
1996-07-01,6.73,7.21,9.63,494,,,,,,552,662,,2.15
1996-08-01,6.63,7.01,9.63,494.9,,,,,,611,731,,2.39
1996-09-01,6.52,6.8,9.53,493.3,,,,,,605,711,,2.5
1996-10-01,6.32,6.5,9.33,487.5,,,,,,493,572,,2.26
1996-11-01,6.32,6.3,9.43,483.7,,,,,,593,650,,2.14
1996-12-01,6.42,6.19,9.43,481.1,,,,,,592,665,,2.74
1997-01-01,6.22,6.3,9.83,482.3,,,,,,404,485,,2.85
1997-02-01,6.42,6.5,10.04,482.1,,,,,,891,1006,,2.97
1997-03-01,6.83,6.8,10.34,483.5,,,15.45,,,862,968,0.79,2.59
1997-04-01,6.93,6.6,10.14,481.3,,,15.53,,,865,962,0.8,2.12
1997-05-01,6.83,6.3,9.94,485.2,,,15.57,,,939,1070,0.81,1.99
1997-06-01,6.22,5.99,9.53,489.7,,,15.6,,,717,850,0.81,2.7
1997-07-01,6.32,5.99,9.23,496.6,,,15.55,,,919,1046,0.81,1.98
1997-08-01,6.12,5.99,9.02,500.8,,,15.5,,,774,912,0.8,1.86
1997-09-01,5.91,5.79,8.82,505.7,,,15.5,,,680,804,0.8,1.74
1997-10-01,5.2,5.38,8.52,514.9,,,15.43,,,754,853,0.84,2.1
1997-11-01,4.99,5.28,8.41,521.2,,,15.4,,,1014,1155,0.85,1.74
1997-12-01,4.99,5.28,8.31,523.7,,,15.44,,,947,1104,0.9,1.51
1998-01-01,4.89,5.48,8.82,523.7,,,15.49,,,617,689,0.88,1.39
1998-02-01,4.69,5.58,9.02,525,,,15.62,,,1216,1324,0.87,0.12
1998-03-01,4.99,5.79,9.33,521.5,,,15.65,,,731,858,0.85,0.8
1998-04-01,5.2,5.69,9.02,521,,,15.72,,,991,1126,0.88,1.38
1998-05-01,5.3,5.69,8.82,522.2,,,15.71,,,1052,1319,0.88,1.61
1998-06-01,4.89,5.38,8.52,530.7,,,15.78,,,955,1077,0.87,1.95
1998-07-01,5.1,5.58,8.41,536,,,15.77,,,937,1085,0.87,1.95
1998-08-01,5.1,5.58,8.31,541.7,,,15.67,,,923,1095,0.87,2.06
1998-09-01,5.5,5.79,8.11,544.3,,,15.67,,,756,947,0.86,1.83
1998-10-01,5.5,5.79,7.71,542,,,15.81,,,839,1001,0.84,1.48
1998-11-01,5.71,5.89,7.6,537.5,,,16.15,,,777,900,0.86,1.14
1998-12-01,5.5,5.69,7.71,535.7,,,16.35,,,951,1074,0.86,1.83
1999-01-01,5.4,5.99,8.11,536.2,,,16.51,,,818,897,0.88,1.82
1999-02-01,5.1,6.09,8.31,536.7,,,16.62,,,695,759,0.9,2.88
1999-03-01,5.4,6.3,8.62,537.8,,,16.59,,,605,685,0.91,2.05
1999-04-01,5.3,6.19,8.62,541.8,,,16.51,,,800,912,0.89,1.82
1999-05-01,5.4,6.3,8.52,547.8,,,16.32,,,605,690,0.89,2.26
1999-06-01,5.2,5.89,8.11,552.2,,,16.26,,,921,1114,0.9,1.68
1999-07-01,5.61,5.89,7.81,557.4,,,16.13,,,854,998,0.91,2.02
1999-08-01,6.22,5.89,7.71,558.4,,,16.12,,,860,996,0.9,2.58
1999-09-01,6.42,5.99,7.5,557.1,,,16.24,,,697,829,0.91,3.25
1999-10-01,6.12,5.58,7.1,552.7,,,16.42,,,907,1014,0.93,3.82
1999-11-01,5.61,5.18,6.79,551.1,,,16.55,,,752,851,0.93,3.73
1999-12-01,5.61,4.98,6.59,554,,,16.65,,,739,855,0.95,3.48
2000-01-01,5.71,5.18,6.79,557.7,,,16.86,75445234.27,87338794.66,622,731,0.94,2.8
2000-02-01,5.4,5.18,7.1,562.1,,,16.95,72596566.27,75436719,659,731,0.97,2.8
2000-03-01,4.89,5.28,7.4,563.7,,,16.9,86669552.25,102661545.8,713,803,0.98,3.58
2000-04-01,4.79,5.18,7.3,566.3,,,16.89,95339015.17,79531876,965,1103,0.97,3.57
2000-05-01,4.79,5.08,7.1,573.1,,,16.9,110006862.5,95819903.07,871,977,0.99,3.54
2000-06-01,4.79,4.87,6.79,579.2,,,16.97,149838613.7,79120074.52,855,952,1.01,3.64
2000-07-01,4.99,5.18,6.79,582.7,,,16.92,93890898.73,48316498,830,988,1.02,4.29
2000-08-01,4.99,5.48,7,581.1,,,16.89,107410352.3,74206435.9,751,909,1.03,3.72
2000-09-01,4.79,5.48,7,582.2,,,16.99,68907168.61,87570062,774,924,1.04,4.02
2000-10-01,4.18,4.87,6.79,585.3,,,17.11,110113186.8,132257511,869,1031,1.03,3.36
2000-11-01,3.87,4.57,6.49,588.6,,,17.19,84791053.94,32641945,939,1034,1.05,4.47
2000-12-01,4.18,4.67,6.49,589,,,17.15,60796948.71,33232806.84,800,910,1.05,4.12
2001-01-01,4.38,5.08,6.89,586.1,,,17.2,66151802.46,42503255.5,601,680,1.06,2.07
2001-02-01,4.69,5.08,7.2,582.8,,,17.48,77067495.09,42195167.27,577,643,1.04,4.03
2001-03-01,5,5.1,7.5,576.6,,,17.75,79988255.45,95070126,659,727,1.07,2.91
2001-04-01,4.7,4.9,7.5,580.7,4.1,,18.1,106297909.9,72304445.64,887,977,1.09,2.91
2001-05-01,4.5,4.9,7.4,587.9,7.2,,18.26,117068205.4,109429879.4,945,1081,1.11,5.88
2001-06-01,4.2,4.6,7.1,600.9,13,,18.33,104927593.7,71219755,884,1091,1.14,5.86
2001-07-01,4.5,4.6,7,610.1,9.2,,18.08,113678568.5,78821189.76,958,1108,1.13,2.95
2001-08-01,5,4.6,7.2,612.9,2.8,,17.75,122471036.5,57412357,845,963,1.13,2.74
2001-09-01,4.9,4.5,7.1,613.9,1,,17.61,67079779.96,47332302.69,796,953,1.08,2.51
2001-10-01,4.6,4.3,6.9,610.3,-3.6,,17.76,104851190.4,57708555,924,1092,1.11,1.78
2001-11-01,4.1,4.2,6.8,610.2,-0.1,,18.14,120916667.9,85822181.3,848,1022,1.15,-2.61
2001-12-01,4.5,4.5,7.2,610.9,0.7,,18.46,75954916.3,48822105,943,1012,1.2,-1.56
2002-01-01,4.7,4.9,7.8,609,-1.9,,18.68,91154682.94,32992711.68,886,992,1.23,2.56
2002-02-01,5,5.2,8.3,606.2,-2.8,,18.85,105547066.8,38998030.94,844,965,1.2,1.36
2002-03-01,5.1,5.3,8.5,605.1,-1.1,28.5,19.13,142476752.1,45105989.68,762,855,1.18,2.73
2002-04-01,5.5,5.5,8.3,607.4,2.3,26.7,19.36,178512153.3,63427877.76,1102,1207,1.23,4.29
2002-05-01,6,5.8,8.1,607.2,-0.2,19.3,19.47,141117954.7,94276137,1068,1292,1.25,1.01
2002-06-01,6,5.7,7.7,609.9,2.7,9,19.39,164043354.9,54290605.62,1351,1563,1.25,1.01
2002-07-01,6.2,5.6,7.6,615.6,5.7,5.5,19.04,172549893.6,65087287.66,686,865,1.22,2.66
2002-08-01,5.9,5.3,7.5,625.1,9.5,12.2,18.8,121185172.4,62217577.13,1484,1715,1.23,2.36
2002-09-01,6.1,5.4,7.5,624.7,-0.4,10.8,18.69,110118816.1,69751623.21,1124,1328,1.18,3.57
2002-10-01,5.9,5.2,7.2,618.8,-5.9,8.5,18.63,142319997.9,45283573.64,1174,1342,1.2,4.94
2002-11-01,5.8,5.1,7,614.3,-4.5,4.1,18.57,102040156.7,40915615.5,1111,1296,1.21,9.96
2002-12-01,5.2,4.9,7.1,616.3,2,5.4,18.52,142065581.4,37999846,770,919,1.2,8.47
2003-01-01,5.3,5.1,7.4,616,-0.3,7,18.63,106544741.4,109066267,675,814,1.2,6.55
2003-02-01,5.3,5.2,7.7,616.8,0.8,10.6,18.83,109988719.4,78739695.67,1587,1731,1.23,6.2
2003-03-01,5.9,5.5,7.9,612.5,-4.3,7.4,18.9,106851080,67865063,1118,1250,1.22,6.02
2003-04-01,5.9,5.5,7.9,614.1,1.6,6.7,18.93,135699448.5,69647329,1238,1417,1.23,4.31
2003-05-01,6,5.7,7.9,619.5,5.4,12.3,18.75,146681992.3,71017189.27,971,1105,1.23,3.3
2003-06-01,5.3,5.5,7.7,631,11.5,21.1,18.54,143857414.2,210415268,967,1149,1.24,3.49
2003-07-01,4.9,5.2,7.6,640.8,9.8,25.2,18.43,110799024.1,45638089.5,954,1130,1.24,2.99
2003-08-01,4.9,5.1,7.7,643.5,2.7,18.4,18.47,95900886.39,132146951,854,1001,1.25,3.31
2003-09-01,5,4.9,7.7,640.4,-3.1,15.7,18.71,119446648.6,37712834.67,919,1055,1.22,2.17
2003-10-01,5.1,4.7,7.4,636.7,-3.7,17.9,19.04,155252274.9,51900690.66,757,869,1.24,1.57
2003-11-01,4.9,4.4,7.1,635.3,-1.4,21,19.18,119996109.8,51505376,755,950,1.27,1.17
2003-12-01,5.1,4.5,7,639.1,3.8,22.8,19.09,122597904.8,42550618,1082,1171,1.3,1.37
2004-01-01,5,4.7,7.3,641.5,2.4,25.5,18.91,83385075.88,19867557,682,785,1.28,1.56
2004-02-01,5.3,5,7.5,640.9,-0.6,24.1,18.69,97818521.34,63547666,1167,1271,1.37,1.26
2004-03-01,5.6,5.2,7.8,637.8,-3.1,25.3,18.54,193787990.5,59805952.04,1054,1197,1.33,0.48
2004-04-01,5.5,5,7.7,641.6,3.8,27.5,18.32,128157311.1,179819403,948,1057,1.29,0.58
2004-05-01,4.9,4.7,7.5,647.5,5.9,28,18.44,135886164.4,54988652,732,865,1.28,2.03
2004-06-01,4.7,4.4,7.2,655.9,8.4,24.9,18.6,143541425.1,68822435.65,1555,1832,1.31,2.41
2004-07-01,4.8,4.5,7.1,659.3,3.4,18.5,18.61,137414851,-37954521.96,866,1093,1.32,2.52
2004-08-01,5,4.6,7.2,662.5,3.2,19,18.61,133468671.2,64476322.18,1022,1160,1.33,2.42
2004-09-01,5,4.6,7.1,659.3,-3.2,18.9,18.72,124775978.9,39628655,1042,1131,1.35,1.73
2004-10-01,4.9,4.5,6.8,655.2,-4.1,18.5,19.09,140982539.6,36752798,1166,1315,1.4,1.84
2004-11-01,4.8,4.4,6.6,651.4,-3.8,16.1,19.41,138691714.7,55596329.58,852,1043,1.41,2.12
2004-12-01,4.6,4.3,6.7,649.4,-2,10.3,19.64,104794466.9,74667664,1108,1259,1.43,1.83
2005-01-01,4.8,4.5,7,647,-2.4,5.5,19.99,90710704.18,38124839.95,747,874,1.41,1.15
2005-02-01,4.7,4.4,7.2,645.1,-1.9,4.2,20.33,119015604.6,86974471,940,1045,1.48,1.34
2005-03-01,4.4,4.2,7.4,645.2,0.1,7.4,20.58,181746395.3,324802755,881,992,1.49,1.53
2005-04-01,3.8,4,7.3,653,7.8,11.4,20.71,175589556,203246332,1025,1161,1.52,2.2
2005-05-01,3.4,3.8,7.1,662.2,9.2,14.7,20.61,222266361,95673460.45,1264,1404,1.53,1.23
2005-06-01,3.2,3.8,6.8,673.9,11.7,18,20.63,138871252.8,136135534.5,815,914,1.55,0.85
2005-07-01,3,3.6,6.7,680.4,6.5,21.1,20.58,178666666.3,107196505,1136,1284,1.6,2.08
2005-08-01,3.3,3.8,6.8,680.3,-0.1,17.8,20.73,173344457.3,89261651.56,861,1029,1.6,2.27
2005-09-01,3.7,3.9,6.8,672.1,-8.2,12.8,21.08,136433065.2,96198734.17,1486,1669,1.58,3.31
2005-10-01,4.2,4,6.5,665,-7.1,9.8,21.43,169370131.9,194582612,1155,1270,1.6,3.32
2005-11-01,4.5,3.9,6.1,666.3,1.3,14.9,21.76,170678410.7,121048511,974,1100,1.65,2.54
2005-12-01,4.5,4,6.1,675.7,9.4,26.3,21.83,160477141.6,184448560.8,758,925,1.68,2.55
2006-01-01,4.4,4,6.4,684.8,7.8,36.5,22,146230288.2,68668668.2,964,1086,1.74,4.37
2006-02-01,3.9,3.7,6.7,692.5,6.5,44.9,22.2,199879362.1,94286685.29,833,1088,1.79,3.22
2006-03-01,3.5,3.5,7.1,699.8,9.8,54.6,22.5,270876112.3,255838154.1,1457,1670,1.78,3.3
2006-04-01,3,3.4,6.9,706,6.2,53,22.8,222383501.2,109126328,1078,1286,1.85,3.74
2006-05-01,3.3,3.5,6.6,713.7,7.7,51.5,22.9,156657125,193635220.4,1565,2010,1.83,4.87
2006-06-01,3.4,3.5,6.3,720.4,6.7,46.5,23,161096908.7,225469636.1,1559,1889,1.86,4.1
2006-07-01,3.7,3.5,6.3,726.6,6.2,46.2,23.1,307950466,161588305.8,1217,1412,1.91,5.19
2006-08-01,3.8,3.9,6.5,731,4.4,50.7,23.3,186240785.8,231105202,1207,1560,1.95,5.93
2006-09-01,3.9,3.9,6.6,732,1,59.9,23.6,196019684.4,308229637.5,810,1038,1.89,5.13
2006-10-01,3.5,3.7,6.3,736.3,4.3,71.3,23.7,165470988.1,277016155.5,779,1011,1.94,4.22
2006-11-01,2.9,3.3,6,737.2,0.9,70.9,23.9,219110854.2,187837120.7,1344,1497,1.93,4.96
2006-12-01,2.7,3.3,6,738.6,1.4,62.9,23.9,133672405.8,250296748.4,1320,1499,1.95,5.71
2007-01-01,3,3.5,6.3,736.2,-2.4,52.7,23.9,131193259.4,149071503,694,800,1.98,4.64
2007-02-01,3.6,3.7,6.5,730.1,-6.1,40.1,24.1,133134801.9,119550743.5,564,732,1.96,6.15
2007-03-01,3.7,3.8,6.7,730.6,0.5,30.8,24.3,214334231.8,272081974,1038,1242,2.03,6.58
2007-04-01,3.4,3.6,6.6,734.3,3.7,28.3,24.5,276978961.1,88211412.8,1113,1370,2.06,6.04
2007-05-01,3.4,3.7,6.5,742.1,7.8,28.4,24.4,278441909.6,839459498.5,1341,1633,2.1,5
2007-06-01,3.3,3.6,6.1,752.1,10,31.7,24.4,359764165.1,247015806.5,882,1060,2.08,6.18
2007-07-01,3.3,3.7,6,759.7,7.6,33.1,24.1,259505772.6,206614302.2,841,1084,2.06,4.84
2007-08-01,3.3,3.7,6.1,763.5,3.8,32.5,24.1,167877821.4,136161515,1255,1497,2.05,4.28
2007-09-01,3.3,3.7,6.1,757.6,-5.9,25.6,24.4,239089656.7,146288504.8,1132,1386,1.97,4.01
2007-10-01,3.3,3.7,5.9,750.3,-7.3,14,24.9,147164104.6,455460096.5,1071,1324,1.98,4.58
2007-11-01,3.3,3.6,5.7,743.5,-6.8,6.3,25.4,111041050.5,142195982,582,776,2.01,4.29
2007-12-01,3.3,3.5,5.7,743.9,0.4,5.3,25.7,168049369.8,226353599.4,434,601,2.04,3.75
2008-01-01,3.4,3.7,6,743,-0.9,6.8,25.9,118783150.7,243122658.6,482,711,2.08,3.39
2008-02-01,3.2,3.7,6.2,742.9,-0.1,12.8,26,208104831.9,211848855.6,784,877,2.06,3.03
2008-03-01,3.3,3.7,6.5,741.3,-1.6,10.7,25.9,101899803,217036395,2884,3068,2.06,2.83
2008-04-01,3,3.6,6.5,747,5.7,12.7,26,201109709.7,175151102.1,1018,1096,2.03,3.06
2008-05-01,3.2,3.6,6.4,757.1,10.1,15,26,133284432.2,283084483.3,1051,1488,2.07,4
2008-06-01,3.2,3.5,6.1,769.8,12.7,17.7,26,113570605.5,247249377.5,428,577,2.11,4.47
2008-07-01,3.4,3.6,6.1,779.8,10,20.1,25.6,80996557.99,272559921.3,768,877,2.07,3.27
2008-08-01,3.8,3.8,6.2,782.7,2.9,19.2,25.5,78921021.38,183614637.1,521,594,2.02,4.27
2008-09-01,4.1,4.1,6.3,781.7,-1,24.1,25.6,86386756.54,135812572.4,388,573,2,3.19
2008-10-01,4.2,4,6.1,781.3,-0.4,31,26,73176165.86,167850914.8,473,599,1.98,2.61
2008-11-01,3.9,3.8,6,784.8,3.5,41.3,26.2,62837670.96,335413795.3,479,575,1.92,2.43
2008-12-01,4.1,4,6.2,782.1,-2.7,38.2,26.6,44627055.59,161347314,330,403,1.84,2.35
2009-01-01,4.5,4.5,7,775.9,-6.2,32.9,26.9,39159110.87,103881945,175,243,1.87,1.51
2009-02-01,5.4,5.3,7.7,766.3,-9.6,23.4,26.9,56697704.26,93890866.3,169,206,1.86,2.35
2009-03-01,6.3,5.9,8.5,756.2,-10.1,14.9,26.7,69468965.52,130008325.5,147,297,1.8,1.08
2009-04-01,6.8,6.5,8.8,753,-3.2,6,26.4,142734816.3,123906279,266,321,1.82,-0.33
2009-05-01,6.9,6.8,8.9,757.6,4.6,0.5,26.3,74607369.02,473156370.7,362,480,1.84,-0.65
2009-06-01,6.7,6.8,8.6,766.4,8.8,-3.4,26.4,122332814.4,272707548.5,355,434,1.87,-1.45
2009-07-01,7,7,8.7,770.2,3.8,-9.6,26.5,129733856.4,83572554.05,586,755,1.91,-1.14
2009-08-01,7.3,7.2,8.8,769.1,-1.1,-13.6,26.5,148074451.8,71341272.06,432,548,1.86,-1.85
2009-09-01,7.1,7.2,8.7,768.7,-0.4,-13,26.6,177071758.7,100004201.8,627,813,1.85,-1.22
2009-10-01,7.1,7.1,8.3,763.8,-4.9,-17.5,26.8,164328684.9,366126411.3,622,732,1.86,0.08
2009-11-01,7.3,7,7.9,759.2,-4.6,-25.6,26.9,167204272.9,92785978.38,668,832,1.83,0.57
2009-12-01,7.7,7.1,8,754,-5.2,-28.1,26.7,152366953,299418803.6,544,657,1.86,0.25
2010-01-01,7.8,7.2,8.4,748.9,-5.1,-27,26.8,128134837.7,97602968.73,403,514,1.89,1.41
2010-02-01,7.5,7.1,8.6,746.2,-2.7,-20.1,26.8,137286826.4,52453019.32,577,743,1.93,0.74
2010-03-01,7.5,7.3,8.9,745.2,-1,-11,27,169178097.3,175950188.9,781,904,1.94,0.82
2010-04-01,7.3,7.4,8.8,745.7,0.5,-7.3,26.9,167785904.4,104170509.9,769,909,1.91,1.32
2010-05-01,7.3,7.3,8.6,749.6,3.9,-8,26.9,157476350.2,82919821.47,595,862,1.9,1.07
2010-06-01,6.9,6.8,8.2,757.9,8.3,-8.5,26.9,196161476.2,149930745.7,502,685,1.92,0.66
2010-07-01,6.7,6.6,8.1,769.8,11.9,-0.4,27,134435602.2,94161969.73,945,1166,1.95,1.4
2010-08-01,6.9,6.6,8.3,771.4,1.6,2.3,26.8,112537347.3,110151951.7,682,858,1.93,0.49
2010-09-01,7,6.5,8.3,764.7,-6.7,-4,26.8,137536670.8,86454092.62,655,796,1.93,0.82
2010-10-01,6.9,6.2,8,759.3,-5.4,-4.5,26.7,109253393.6,75020334.69,564,784,1.93,0.82
2010-11-01,6.3,5.8,7.4,757.5,-1.8,-1.7,26.8,123600012.5,65527665.5,412,555,1.97,0
2010-12-01,6.2,5.7,7.4,757.3,-0.2,3.3,26.8,120952091.9,117798028,410,486,1.98,0.57
2011-01-01,6.3,5.9,7.7,753.9,-3.4,5,26.9,107860773.7,662205770.2,422,518,1.94,0.74
2011-02-01,6.4,5.9,8,752.3,-1.6,6.1,27.1,109278636,104159454.1,488,627,1.93,1.14
2011-03-01,6.3,6.1,8.3,753.7,1.4,8.5,27.2,186749612.1,120676728.3,321,403,1.97,1.64
2011-04-01,6.2,6.1,8.3,754.5,0.8,8.8,27.3,179758755.1,167780081,436,556,2.02,2.61
2011-05-01,6,5.8,8.1,760.1,5.6,10.5,27.3,185555740.2,87716398.02,599,707,2.01,2.44
2011-06-01,5.8,5.6,7.7,772.1,12,14.2,27.4,219893581.7,199714299.2,598,719,2.04,1.63
2011-07-01,5.8,5.5,7.5,785.5,13.4,15.7,27.2,188657048.1,138467611.1,526,658,2.05,1.78
2011-08-01,6.2,5.8,7.7,792.4,6.9,21,27.3,270083662.8,155404074.1,1058,1237,2.06,2.61
2011-09-01,6.1,5.8,7.5,788.7,-3.7,24,27.4,256878365.5,128525989.2,632,810,2.05,2.53
2011-10-01,5.6,5.4,7.3,788.7,0,29.4,27.8,210341390.7,107450894.8,857,981,2.15,3.25
2011-11-01,4.8,4.9,7,790.3,1.6,32.8,28.3,168327815.8,83749868.5,976,1106,2.17,2.93
2011-12-01,4.8,4.7,7,792.3,2,35,28.5,178109756.9,310572010.7,813,970,2.2,2.77
2012-01-01,5,4.9,7.4,791.7,-0.6,37.8,28.7,153217065.3,80480234.05,697,786,2.18,2.76
2012-02-01,5.2,5,7.7,790.4,-1.3,38.1,28.7,191778385.3,183630864.8,1028,1345,2.16,1.69
2012-03-01,5.3,5.2,8,792.9,2.5,39.2,28.7,218654706.5,164057005.2,976,1069,2.2,1.61
2012-04-01,5.3,5.1,7.8,795.1,2.2,40.6,28.6,241853635.7,365319110.6,1508,1711,2.17,0.88
2012-05-01,5.1,4.8,7.7,806,10.9,45.9,28.7,284881582,247449042.7,593,949,2.21,0.32
2012-06-01,4.7,4.6,7.4,815.3,9.3,43.2,28.9,211876356,137845679.4,1002,1184,2.19,1.28
2012-07-01,4.6,4.5,7.3,820.6,5.3,35.1,29.1,213086291.9,154397031.4,734,910,2.23,0.72
2012-08-01,4.7,4.7,7.5,818.4,-2.2,26,29.3,302928112.5,165879688.8,825,1039,2.22,1.03
2012-09-01,4.9,4.7,7.4,813.4,-5,24.7,29.6,226483822.6,75465814.1,803,1012,2.22,1.43
2012-10-01,4.8,4.6,7.2,812.7,-0.7,24,29.8,185002697.5,89528648.97,783,980,2.23,0.47
2012-11-01,4.6,4.3,6.8,812.6,-0.1,22.3,29.8,187098774.7,102094060.2,727,990,2.26,0.48
2012-12-01,4.7,4.4,6.8,814.5,1.9,22.2,29.8,175062306.2,110195829,625,866,2.28,-0.16
2013-01-01,5,4.4,7,811.6,-2.9,19.9,29.7,139325590.3,136506452.9,534,719,2.29,-0.32
2013-02-01,5.2,4.6,7.2,811.3,-0.3,20.9,29.8,165144284.2,268554223.9,613,896,2.36,0.95
2013-03-01,5.3,4.7,7.6,807.3,-4,14.4,30,330918571.2,134873006.3,617,890,2.34,1.27
2013-04-01,4.8,4.6,7.5,812.6,5.3,17.5,30.1,288376013.7,425677093.9,904,1067,2.4,1.42
2013-05-01,4.9,4.6,7.5,817.9,5.3,11.9,30.2,293071191,107881042,716,1078,2.43,2.46
2013-06-01,4.7,4.5,7.1,827.3,9.4,12,30.4,300981066.3,151896876.5,738,912,2.38,2.53
2013-07-01,4.9,4.7,7.1,834.6,7.3,14,30.3,294356155.9,499692301.6,927,1385,2.41,2.53
2013-08-01,4.9,4.9,7.3,839.4,4.8,21,30.1,286768381.1,191725464.6,724,982,2.4,1.65
2013-09-01,4.8,4.7,7.2,840.7,1.3,27.3,30.1,357175390.2,150032017.1,704,904,2.37,1.57
2013-10-01,4.6,4.5,6.9,838.7,-2,26,30.1,359579193.3,116787752.5,793,1162,2.42,1.49
2013-11-01,4.3,4.1,6.5,836.8,-1.9,24.2,30,382884541.8,166983463.7,1451,1693,2.45,2.13
2013-12-01,4.5,4.4,6.7,837,0.2,22.5,29.4,228287293.5,239146496.6,659,896,2.41,2.62
2014-01-01,4.7,4.6,7.1,834.8,-2.2,23.2,29.3,433607072.7,136082575.5,1131,1328,2.47,3.09
2014-02-01,4.9,4.7,7.4,829.1,-5.7,17.8,29.4,202840310.8,134797498.1,1063,1270,2.48,2.9
2014-03-01,5.3,4.9,7.6,824.8,-4.3,17.5,29.5,226475077.9,160395728.1,1219,1667,2.5,4.61
2014-04-01,5.5,5,7.5,824.6,-0.2,12,29.8,345907113.9,185217058.1,1238,1592,2.46,3.19
2014-05-01,5.5,5.1,7.5,833,8.4,15.1,29.9,398610193.8,188397697.2,757,1030,2.49,3.25
2014-06-01,5.3,4.9,7.2,844,11,16.7,30.3,285641981.4,462051276.7,2155,2407,2.53,2.39
2014-07-01,5,4.7,7.1,853.3,9.3,18.7,30.3,352946946.4,289109279.5,1101,1354,2.56,2.93
2014-08-01,5.3,5,7.2,853.9,0.6,14.5,30.4,500971321.8,202443887.6,1318,1627,2.57,3.17
2014-09-01,4.6,4.8,7.1,851.8,-2.1,11.1,30.3,296068183.8,212766052.9,1322,1528,2.6,3.17
2014-10-01,4.7,4.8,6.7,845.9,-5.9,7.2,30.4,576611089.7,134231398.2,1147,1410,2.61,3.32
2014-11-01,4.2,4.3,6.3,845,-0.9,8.2,30.5,269395158.2,103499041.6,827,1078,2.62,2.31
2014-12-01,4.7,4.4,6.2,846.1,1.1,9.1,30.8,226101842.6,177234158.6,555,840,2.59,2.17
2015-01-01,4.6,4.6,6.6,852.1,6,17.3,31.1,148796620.4,97464961.1,576,747,2.44,1.15
2015-02-01,5.1,5.1,6.9,853,0.9,23.9,31.4,153048881.4,96936805.3,556,791,2.47,1.07
2015-03-01,5.4,5.6,7.3,854.8,1.8,30,31.2,392914807.4,228291569.7,1356,1639,2.51,-0.15
2015-04-01,5.6,5.9,7.3,860.3,5.5,35.7,31.3,305711115.3,249522223.2,570,777,2.49,0.75
2015-05-01,5.9,6.1,7.2,868.5,8.2,35.5,31,117991407.2,218099440.6,745,1058,2.47,0.45
2015-06-01,6.5,6.1,6.9,872.3,3.8,28.3,31.3,270369992.7,350263437.6,1230,1616,2.51,1.66
2015-07-01,7,6.2,6.9,873.2,0.9,19.9,31.2,350938678.2,225016721.9,607,770,2.5,1.27
2015-08-01,7,6.3,7.1,870,-3.2,16.1,31.2,298596310.3,124793721.3,910,1134,2.48,1.57
2015-09-01,6.9,6.2,7,865.5,-4.5,13.7,31.1,312715715.7,183482004.4,1099,1299,2.45,1.12
2015-10-01,6.7,6,6.8,854.2,-11.3,8.3,31.1,900327540.5,469789438,881,1078,2.42,1.5
2015-11-01,6.5,6,6.4,844.1,-10.1,-0.9,31.4,92870442.3,118426955.1,994,1368,2.44,2.04
2015-12-01,6.5,6.3,6.5,835,-9.1,-11.1,31.7,179374538.7,226452721.1,604,756,2.4,1.51
2016-01-01,7.6,7,7,825.5,-9.5,-26.6,32,92052531.81,73353372,441,567,2.38,1.97
2016-02-01,8.4,7.7,7.4,821.4,-4.1,-31.6,32.1,88515822.63,74961729.73,461,589,2.35,1.36
2016-03-01,8.8,8,7.8,820.3,-1.1,-34.5,32.4,105307287.9,134360542.6,317,411,2.37,1.42
2016-04-01,8.4,8.1,7.7,823.4,3.1,-36.9,32.3,305474664.8,263864337,682,815,2.45,1.42
2016-05-01,8.3,8,7.5,827,3.6,-41.5,32.3,159485699.2,82234223.8,557,648,2.44,1.34
2016-06-01,8.5,8,7,829.2,2.2,-43.1,32,164099389.2,156558733.7,660,830,2.44,1.19
2016-07-01,9,8.4,6.9,834.4,5.2,-38.8,31.8,145806114.8,145049535.8,936,1091,2.42,0.59
2016-08-01,9.5,8.8,7.1,835,0.6,-35,31.5,149698739.4,186358468.9,584,742,2.45,0.59
2016-09-01,9.8,8.7,7.1,834.7,-0.3,-30.8,31.1,348183058.1,187997011.5,951,1205,2.42,0.44
2016-10-01,10,8.1,6.8,834,-0.7,-20.2,31,924410962.7,381529036.1,485,627,2.44,0.44
2016-11-01,10,7.9,6.3,838.1,4.1,-6,31,58381218.28,42162344.68,626,745,2.46,0.07
2016-12-01,9.6,8.1,6.3,844.7,6.6,9.7,31.3,76536726.26,92000922.57,816,975,2.53,0.89
2017-01-01,9.5,8.5,6.6,844.3,-0.4,18.8,31.4,111499427.6,100215211.8,238,426,2.67,2.31
2017-02-01,9.2,8.6,6.9,840.8,-3.5,19.4,31.8,124621028.6,78634884.15,369,508,2.68,2.08
2017-03-01,9.5,8.9,7.1,836,-4.8,15.7,32.1,168603333.5,208681885.3,1042,1145,2.67,1.33
2017-04-01,9.4,8.8,7,839.3,3.3,15.9,32.3,148636257.4,113631901.7,909,1099,2.73,1.77
2017-05-01,9.6,8.7,6.9,846.7,7.4,19.7,32,216686190.8,161141140.5,794,957,2.75,1.4
2017-06-01,8.9,8.2,6.5,855.7,9,26.5,31.6,234741523.7,93358532.6,1226,1390,2.76,0.66
2017-07-01,8.8,8.1,6.4,862.2,6.5,27.8,31.8,172651729.8,119017707.1,925,1146,2.73,1.32
2017-08-01,8.9,8.4,6.5,861.2,-1,26.2,31.9,261389410.9,76999614.71,650,809,2.68,1.25
2017-09-01,8.8,8.2,6.4,857.2,-4,22.5,32.1,217305623.5,943370552.4,730,914,2.73,1.4
2017-10-01,8.4,7.6,6.1,849.6,-7.6,15.6,32.1,182347337.5,155604103.4,777,953,2.73,1.39
2017-11-01,7.7,7,5.7,848.1,-1.5,10,32,264694381.6,112791778.2,1342,1504,2.7,2.58
2017-12-01,7.7,6.9,5.7,854.5,6.4,9.8,32.2,231436214.4,64607723.19,456,683,2.68,2
2018-01-01,7.7,6.9,5.8,861.4,6.9,17.1,32.1,137980645.3,54520699.73,488,651,2.73,1.38
2018-02-01,7.8,6.8,6,862.6,1.2,21.8,32.1,265555031.3,74240041.03,424,578,2.71,2.19
2018-03-01,7.9,6.8,6.3,858.1,-4.5,22.1,32,331084477.2,109635935.3,716,831,2.67,2.26
2018-04-01,7.4,6.7,6.2,858.5,0.4,19.2,31.9,202356709.3,235658341.9,1075,1203,2.68,2.39
2018-05-01,7,6.5,6.1,863.7,5.2,17,32.1,555125698.5,162834957.1,1469,1649,2.81,2.61
2018-06-01,7,6.5,5.9,865.2,1.5,9.5,32,221980525.3,172698281.1,889,1067,2.75,2.62
2018-07-01,7.5,6.6,5.9,863.1,-2.1,0.9,32.1,232171747.5,211586638.2,895,1010,2.72,3.34
2018-08-01,8.2,6.9,6.1,860.3,-2.8,-0.9,31.8,196906944.3,153747060.7,986,1096,2.67,2.97
2018-09-01,8.3,6.9,6,862.4,2.1,5.2,31.9,170554674.5,98526149.42,719,834,2.66,2.76
2018-10-01,8,6.6,5.7,863.7,1.3,14.1,32,221822225,110112943,583,686,2.6,2.53
2018-11-01,7.4,6.2,5.3,867.1,3.4,19,32.4,241539832.8,138606152.1,716,836,2.67,1.44
2018-12-01,7,6,5.2,866.2,-0.9,11.7,32.6,150166210.5,85589762.85,390,530,2.71,1.96
2019-01-01,7.2,6.3,5.5,866.1,-0.1,4.7,32.9,125349160.2,132910866.7,642,700,2.66,1.01
2019-02-01,7.6,6.8,5.8,865.1,-1,2.5,32.8,155540053.5,201399388.2,520,602,2.69,1.43
2019-03-01,8,7.3,6.2,864.2,-0.9,6.1,32.8,200980516.3,141753262.4,465,520,2.74,2.07
2019-04-01,7.5,7.1,6.1,876.6,12.4,18.1,33,222534793.8,153171016.6,863,955,2.8,1.84
2019-05-01,6.7,6.8,5.9,890.2,13.6,26.5,33,187965065.2,143470686.5,725,812,2.82,1.84
2019-06-01,6.5,6.6,5.6,904,13.8,38.8,33.2,214913179.2,151062622.2,965,1111,2.79,1.13
2019-07-01,6.6,6.8,5.6,910.1,6.1,47,33,256938899.6,82947422.39,608,691,2.82,0.84
2019-08-01,7.6,7.2,5.9,903.2,-6.9,42.9,33.1,183595809.9,165639614.8,959,1051,2.83,0.91
2019-09-01,7.5,7.1,5.8,902,-1.2,39.6,33.1,291049464.6,109225630.6,1398,1565,2.74,1.13
2019-10-01,7.3,6.7,5.5,896.5,-5.5,32.8,33.1,350813908.3,113591082.8,714,818,2.76,1.41
2019-11-01,6.5,6.2,5.2,898.4,1.9,31.3,33.4,774775914.4,346422454.3,805,954,2.74,1.99
2019-12-01,6.5,6.4,5.2,894.2,-4.2,28,33.2,141708576.6,154996810.5,1968,2130,2.83,2.13
2020-01-01,6.9,7.1,5.5,883,-11.2,16.9,33.4,134761055.9,74236876.97,589,642,2.82,2.77
2020-02-01,7.3,7.4,5.7,870.4,-12.6,5.3,33.5,143558668.8,190649440.6,515,646,2.76,2.25
2020-03-01,8.7,8.3,6.9,846.7,-23.7,-17.5,34.1,151196484.8,59327472.77,814,944,2.33,0.63
2020-04-01,10.6,10.3,9.5,805.9,-40.8,-70.7,34.6,185620302,110951148.8,481,575,1.93,-0.56
2020-05-01,13.1,13,12.4,776.4,-29.5,-113.8,35.4,156208779.3,77246942.75,640,721,2.46,0.14
2020-06-01,14.9,14.7,13.4,772.8,-3.6,-131.2,35.8,224382038.6,48272665.96,288,425,2.85,1.54
2020-07-01,14.9,14.4,12.5,805.5,32.7,-104.6,35.5,211737437.1,113262106,650,737,2.93,0.84
2020-08-01,14.2,13.4,11.4,831,25.5,-72.2,35.1,235812410,96331480.96,641,736,2.78,0.56
2020-09-01,12.8,12.3,10.3,851.5,20.5,-50.5,34.9,216128403.2,105098366.1,921,1035,3.05,1.4
2020-10-01,11.7,11.3,9.2,864.5,13,-32,35,196010734.2,129888945.9,869,982,3.05,1.18
2020-11-01,10.8,10.5,8.2,875.5,11,-22.9,34.8,222934468.6,61962290.83,827,952,3.08,1.32
2020-12-01,10.1,10.2,8.1,871.3,-4.2,-22.9,34.7,226616090.6,46438250.01,704,840,3.06,0.84
2021-01-01,10.4,10.6,8.7,860.3,-11,-22.7,34.6,207048564.9,87912540.63,1005,1122,3.07,0.76
2021-02-01,10.7,10.7,9,848.3,-12,-22.1,35.1,231326672,437167919,499,642,3.09,0.48
2021-03-01,10.8,10.6,9,845,-3.3,-1.7,34.9,312264533.1,112176383.3,902,1058,3.05,1.66
2021-04-01,10,10,8.5,846.4,1.4,40.5,34.8,301615760.8,107009210.9,1105,1299,3.05,3.08
2021-05-01,9.1,9.3,8.3,853.4,7,77,34.4,307051329,149042518,1275,1581,2.98,2.91
2021-06-01,9.1,8.8,8.1,858.6,5.2,85.8,34.1,378412380.8,684724848.7,932,1173,3.02,2.55
2021-07-01,9.4,8.5,7.9,863.3,4.7,57.8,34.2,390970843.9,52258822.64,1225,1404,2.96,4.01
2021-08-01,9.6,8.4,7.7,870,6.7,39,34.2,260025712.8,87064461.16,912,1110,2.99,4.92
2021-09-01,8.7,8.1,7.4,882.3,12.3,30.8,34.7,312634598.2,46679714.31,829,1026,3.06,4.21
2021-10-01,7.9,7.5,6.8,896.2,13.9,31.7,34.7,291852156.9,92417941.51,1064,1255,3.2,4.33
2021-11-01,7.5,7,6,894.2,-2,18.7,35,320756900.7,78411610.92,2018,2192,3.25,4.4
2021-12-01,7.4,6.8,5.7,894.5,0.3,23.2,35.1,271697055.5,112113905,956,1155,3.16,5.04
2022-01-01,7.6,7,6,886.2,-8.3,25.9,35.2,287919191.1,83558363.83,465,561,3.14,5.35
2022-02-01,7.4,7,6,894.7,8.5,46.4,35.1,246573323.6,127323079.5,1011,1159,3.2,6.37
2022-03-01,7.5,7.1,6.1,895.4,0.7,50.4,35.3,452643074.3,148365382.8,1090,1242,3.25,7.3
2022-04-01,7,6.7,5.6,907.6,12.2,61.2,35.6,372189924.7,120310949.8,1299,1511,3.27,7.12
2022-05-01,6.4,6.2,5.4,918.8,11.2,65.4,36.1,357211407.2,128830131.1,1577,1769,3.47,8.02
2022-06-01,5.4,5.6,5.1,938.7,19.9,80.1,35.9,435781577.4,205646913.6,1666,1883,3.42,9.56
2022-07-01,5.1,5.2,5,957.1,18.4,93.8,35.5,321295663.2,107383959.4,1630,1879,3.57,8.17
2022-08-01,5.4,5.4,5.3,963.8,6.7,93.8,35.4,335104855.9,292643513.9,808,1182,3.52,6.68
2022-09-01,5.6,5.4,5.3,961,-2.8,78.7,35.8,287163825.3,258213159.9,1392,1679,3.48,6.82
2022-10-01,5.7,5.2,5.1,955.1,-5.9,58.9,36.5,333533777.2,82103778.11,1427,1688,3.55,7.45
2022-11-01,5.5,5.1,4.7,950.7,-4.4,56.5,36.9,299047287.8,81142169.78,1501,1673,3.57,7.3
2022-12-01,5.7,5.2,4.6,940.4,-10.3,45.9,37.1,268977193.1,77505984.7,901,1080,3.6,6.64
2023-01-01,6.4,5.8,4.9,923.5,-16.9,37.3,36.8,245233091.4,79313764.61,1098,1295,3.62,5.54
2023-02-01,6.7,6,5.1,914.3,-9.2,19.6,36.5,273759879.6,125507128.8,1032,1238,3.42,3.93
2023-03-01,7,6.3,5.4,916.3,2,20.9,36.2,342689734.2,140209719.9,937,1094,3.36,3.69
2023-04-01,6.4,6.3,5.3,931.9,15.6,24.3,36.3,405612618.2,109744397.3,904,1164,3.39,4.88
2023-05-01,6,6,5.3,946.9,15,28.1,36.1,474862801.6,109935574.1,1836,2076,3.47,3.49
2023-06-01,5.8,5.8,5.2,966,19.1,27.3,36,398253739.1,84040426.69,1025,1239,3.46,2.03
2023-07-01,6.1,5.8,5.4,977.5,11.5,20.4,35.7,333173872,124390622.4,1444,1621,,3.38
2023-08-01,6,6,5.8,990.7,13.2,26.9,36.1,438606844.8,112339469.8,1486,1680,,4.83
